<?xml version="1.0" encoding="UTF-8"?>
<metadata xml:lang="en"><Esri><SyncOnce>TRUE</SyncOnce><ArcGISFormat>1.0</ArcGISFormat><DataProperties><lineage><Process ToolSource="c:\program files (x86)\arcgis\desktop10.2\ArcToolbox\Toolboxes\Data Management Tools.tbx\AddField" Date="20170926" Time="110314">AddField D:\Projects\SEC\ArcFM_Deployment\UDM\UDM_Release\EUDM_ArcFM_SEC_TEMPLATE_V7.2.1_082017.gdb\FCL_DISTRIBUTIONBOX CREATIONUSER TEXT # # 30 "Created By" NULLABLE NON_REQUIRED #</Process><Process ToolSource="c:\program files (x86)\arcgis\desktop10.2\ArcToolbox\Toolboxes\Data Management Tools.tbx\AddField" Date="20170926" Time="122453">AddField D:\Projects\SEC\ArcFM_Deployment\UDM\UDM_Release\EUDM_ArcFM_SEC_TEMPLATE_V7.2.1_082017.gdb\FCL_DISTRIBUTIONBOX LASTUSER TEXT # # 30 "Updated By" NULLABLE NON_REQUIRED #</Process><Process ToolSource="c:\program files (x86)\arcgis\desktop10.2\ArcToolbox\Toolboxes\Data Management Tools.tbx\AddField" Date="20170926" Time="123256">AddField D:\Projects\SEC\ArcFM_Deployment\UDM\UDM_Release\EUDM_ArcFM_SEC_TEMPLATE_V7.2.1_082017.gdb\FCL_DISTRIBUTIONBOX DATECREATED DATE # # # "Creation Date" NULLABLE NON_REQUIRED #</Process><Process ToolSource="c:\program files (x86)\arcgis\desktop10.2\ArcToolbox\Toolboxes\Data Management Tools.tbx\AddField" Date="20170926" Time="125418">AddField D:\Projects\SEC\ArcFM_Deployment\UDM\UDM_Release\EUDM_ArcFM_SEC_TEMPLATE_V7.2.1_082017.gdb\FCL_DISTRIBUTIONBOX DATEMODIFIED DATE # # # "Update Date" NULLABLE NON_REQUIRED #</Process><Process ToolSource="c:\program files (x86)\arcgis\desktop10.7\ArcToolbox\Toolboxes\Data Management Tools.tbx\CalculateField" Date="20200816" Time="101102">CalculateField "DISTRIBUTION BOX" COMMENTS "No Comments" VB #</Process><Process ToolSource="c:\program files (x86)\arcgis\desktop10.7\ArcToolbox\Toolboxes\Data Management Tools.tbx\CalculateField" Date="20200816" Time="101127">CalculateField "DISTRIBUTION BOX" COMMENTS "Locked" VB #</Process><Process ToolSource="c:\program files (x86)\arcgis\desktop10.7\ArcToolbox\Toolboxes\Data Management Tools.tbx\CalculateField" Date="20200816" Time="101146">CalculateField "DISTRIBUTION BOX" COMMENTS "Un Reachable" VB #</Process><Process ToolSource="c:\program files (x86)\arcgis\desktop10.7\ArcToolbox\Toolboxes\Data Management Tools.tbx\CalculateField" Date="20200816" Time="101400">CalculateField "DISTRIBUTION BOX" HYPERLINK ""file:\\\Z:\Consultant\Project 2020\Al kharg\Kharj2_Images\FCL_DISTRIBUTIONBOX\" &amp; [HYPERLINK]" VB #</Process><Process ToolSource="c:\program files (x86)\arcgis\desktop10.6\ArcToolbox\Toolboxes\Data Management Tools.tbx\Project" Date="20220104" Time="082658">Project minipillar D:\ahmed\projects\dev\python\mini-pillar\modules\data\minipillar_wgs.shp GEOGCS['GCS_WGS_1984',DATUM['D_WGS_1984',SPHEROID['WGS_1984',6378137.0,298.257223563]],PRIMEM['Greenwich',0.0],UNIT['Degree',0.0174532925199433]] # PROJCS['WGS_1984_UTM_Zone_38N',GEOGCS['GCS_WGS_1984',DATUM['D_WGS_1984',SPHEROID['WGS_1984',6378137.0,298.257223563]],PRIMEM['Greenwich',0.0],UNIT['Degree',0.0174532925199433]],PROJECTION['Transverse_Mercator'],PARAMETER['False_Easting',500000.0],PARAMETER['False_Northing',0.0],PARAMETER['Central_Meridian',45.0],PARAMETER['Scale_Factor',0.9996],PARAMETER['Latitude_Of_Origin',0.0],UNIT['Meter',1.0]] NO_PRESERVE_SHAPE # NO_VERTICAL</Process></lineage></DataProperties><CreaDate>20220104</CreaDate><CreaTime>08265700</CreaTime></Esri><idinfo><descript><abstract>FCL_DISTRIBUTIONBOX</abstract><purpose>DISTRIBUTION BOX</purpose></descript><keywords><theme><themekt>X-Ray</themekt><themekey></themekey></theme></keywords><accconst></accconst>
		<useconst></useconst>
		<status><progress></progress>
			<update></update>
		</status><spdom><bounding><westbc>NaN</westbc><eastbc>NaN</eastbc><northbc>NaN</northbc><southbc>NaN</southbc></bounding></spdom></idinfo><eainfo><detailed Name=""><attr>
				<attrlabl Sync="TRUE">OBJECTID</attrlabl>
				<attalias Sync="TRUE">OBJECTID</attalias>
				<attrtype Sync="TRUE">OID</attrtype>
				<attwidth Sync="TRUE">4</attwidth>
				<atprecis Sync="TRUE">0</atprecis>
				<attscale Sync="TRUE">0</attscale>
				<attrdef Sync="TRUE">Internal feature number.</attrdef>
				<attrdefs Sync="TRUE">Esri</attrdefs>
				<attrdomv><udom Sync="TRUE">Sequential unique whole numbers that are automatically generated.</udom></attrdomv>
			</attr>
			<attr>
				<attrlabl Sync="TRUE">SHAPE</attrlabl>
				<attalias Sync="TRUE">SHAPE</attalias>
				<attrtype Sync="TRUE">Geometry</attrtype>
				<attwidth Sync="TRUE">0</attwidth>
				<atprecis Sync="TRUE">0</atprecis>
				<attscale Sync="TRUE">0</attscale>
				<attrdef Sync="TRUE">Feature geometry.</attrdef>
				<attrdefs Sync="TRUE">Esri</attrdefs>
				<attrdomv><udom Sync="TRUE">Coordinates defining the features.</udom></attrdomv>
			</attr><attr><attrlabl Sync="TRUE">ACLASS_ID</attrlabl>
				<attalias Sync="TRUE">Aclass ID</attalias>
				<attrtype Sync="TRUE">Integer</attrtype>
				<attwidth Sync="TRUE">4</attwidth>
				<atprecis Sync="TRUE">0</atprecis>
				<attscale Sync="TRUE">0</attscale>
				<attrdef Sync="TRUE">ACLASS_ID</attrdef>
			</attr><attr><attrlabl Sync="TRUE">ACTUALSTATUSPHASEA</attrlabl>
				<attalias Sync="TRUE">ActualStatusPhaseA</attalias>
				<attrtype Sync="TRUE">String</attrtype>
				<attwidth Sync="TRUE">50</attwidth>
				<atprecis Sync="TRUE">0</atprecis>
				<attscale Sync="TRUE">0</attscale>
				<attrdef Sync="TRUE">ACTUALSTATUSPHASEA</attrdef>
			</attr><attr><attrlabl Sync="TRUE">ACTUALSTATUSPHASEB</attrlabl>
				<attalias Sync="TRUE">ActualStatusPhaseB</attalias>
				<attrtype Sync="TRUE">String</attrtype>
				<attwidth Sync="TRUE">50</attwidth>
				<atprecis Sync="TRUE">0</atprecis>
				<attscale Sync="TRUE">0</attscale>
				<attrdef Sync="TRUE">ACTUALSTATUSPHASEB</attrdef>
			</attr><attr><attrlabl Sync="TRUE">ACTUALSTATUSPHASEC</attrlabl>
				<attalias Sync="TRUE">ActualStatusPhaseC</attalias>
				<attrtype Sync="TRUE">String</attrtype>
				<attwidth Sync="TRUE">50</attwidth>
				<atprecis Sync="TRUE">0</atprecis>
				<attscale Sync="TRUE">0</attscale>
				<attrdef Sync="TRUE">ACTUALSTATUSPHASEC</attrdef>
			</attr><attr><attrlabl Sync="TRUE">ANCILLARYROLE</attrlabl>
				<attalias Sync="TRUE">Network Ancillary Role</attalias>
				<attrtype Sync="TRUE">SmallInteger</attrtype>
				<attwidth Sync="TRUE">2</attwidth>
				<atprecis Sync="TRUE">0</atprecis>
				<attscale Sync="TRUE">0</attscale>
				<attrdef Sync="TRUE">ANCILLARYROLE</attrdef>
			</attr><attr><attrlabl Sync="TRUE">ANGLE</attrlabl>
				<attalias Sync="TRUE">Angle</attalias>
				<attrtype Sync="TRUE">Double</attrtype>
				<attwidth Sync="TRUE">8</attwidth>
				<atprecis Sync="TRUE">0</atprecis>
				<attscale Sync="TRUE">0</attscale>
				<attrdef Sync="TRUE">ANGLE</attrdef>
			</attr><attr><attrlabl Sync="TRUE">BOX_TYPE</attrlabl>
				<attalias Sync="TRUE">Box Type</attalias>
				<attrtype Sync="TRUE">String</attrtype>
				<attwidth Sync="TRUE">50</attwidth>
				<atprecis Sync="TRUE">0</atprecis>
				<attscale Sync="TRUE">0</attscale>
				<attrdef Sync="TRUE">BOX_TYPE</attrdef>
			</attr><attr><attrlabl Sync="TRUE">BOXCONNECTIONTYPE</attrlabl>
				<attalias Sync="TRUE">Box connection Type</attalias>
				<attrtype Sync="TRUE">String</attrtype>
				<attwidth Sync="TRUE">50</attwidth>
				<atprecis Sync="TRUE">0</atprecis>
				<attscale Sync="TRUE">0</attscale>
				<attrdef Sync="TRUE">BOXCONNECTIONTYPE</attrdef>
			</attr><attr><attrlabl Sync="TRUE">BREAKER_RATING</attrlabl>
				<attalias Sync="TRUE">Breaker Rating</attalias>
				<attrtype Sync="TRUE">String</attrtype>
				<attwidth Sync="TRUE">50</attwidth>
				<atprecis Sync="TRUE">0</atprecis>
				<attscale Sync="TRUE">0</attscale>
				<attrdef Sync="TRUE">BREAKER_RATING</attrdef>
			</attr><attr><attrlabl Sync="TRUE">CAPACITY_VOLTAGE</attrlabl>
				<attalias Sync="TRUE">Capacity Voltage</attalias>
				<attrtype Sync="TRUE">String</attrtype>
				<attwidth Sync="TRUE">50</attwidth>
				<atprecis Sync="TRUE">0</atprecis>
				<attscale Sync="TRUE">0</attscale>
				<attrdef Sync="TRUE">CAPACITY_VOLTAGE</attrdef>
			</attr><attr><attrlabl Sync="TRUE">COMMENTS</attrlabl>
				<attalias Sync="TRUE">Comment</attalias>
				<attrtype Sync="TRUE">String</attrtype>
				<attwidth Sync="TRUE">255</attwidth>
				<atprecis Sync="TRUE">0</atprecis>
				<attscale Sync="TRUE">0</attscale>
				<attrdef Sync="TRUE">COMMENTS</attrdef>
			</attr><attr><attrlabl Sync="TRUE">COMMISSION_FLAG</attrlabl>
				<attalias Sync="TRUE">Commission Flag</attalias>
				<attrtype Sync="TRUE">String</attrtype>
				<attwidth Sync="TRUE">1</attwidth>
				<atprecis Sync="TRUE">0</atprecis>
				<attscale Sync="TRUE">0</attscale>
				<attrdef Sync="TRUE">COMMISSION_FLAG</attrdef>
			</attr><attr><attrlabl Sync="TRUE">COMMISSIONED_BY</attrlabl>
				<attalias Sync="TRUE">Commissioned By</attalias>
				<attrtype Sync="TRUE">String</attrtype>
				<attwidth Sync="TRUE">50</attwidth>
				<atprecis Sync="TRUE">0</atprecis>
				<attscale Sync="TRUE">0</attscale>
				<attrdef Sync="TRUE">COMMISSIONED_BY</attrdef>
			</attr><attr><attrlabl Sync="TRUE">CONDITION</attrlabl>
				<attalias Sync="TRUE">Condition</attalias>
				<attrtype Sync="TRUE">String</attrtype>
				<attwidth Sync="TRUE">20</attwidth>
				<atprecis Sync="TRUE">0</atprecis>
				<attscale Sync="TRUE">0</attscale>
				<attrdef Sync="TRUE">CONDITION</attrdef>
			</attr><attr><attrlabl Sync="TRUE">CONNECTED_TO_SUB_MP</attrlabl>
				<attalias Sync="TRUE">Connected To Sub Mp</attalias>
				<attrtype Sync="TRUE">String</attrtype>
				<attwidth Sync="TRUE">50</attwidth>
				<atprecis Sync="TRUE">0</atprecis>
				<attscale Sync="TRUE">0</attscale>
				<attrdef Sync="TRUE">CONNECTED_TO_SUB_MP</attrdef>
			</attr><attr><attrlabl Sync="TRUE">CONSULTANT</attrlabl>
				<attalias Sync="TRUE">Consultant</attalias>
				<attrtype Sync="TRUE">String</attrtype>
				<attwidth Sync="TRUE">50</attwidth>
				<atprecis Sync="TRUE">0</atprecis>
				<attscale Sync="TRUE">0</attscale>
				<attrdef Sync="TRUE">CONSULTANT</attrdef>
			</attr><attr><attrlabl Sync="TRUE">CONTINUOUS_RATING</attrlabl>
				<attalias Sync="TRUE">Continuous Rating</attalias>
				<attrtype Sync="TRUE">Integer</attrtype>
				<attwidth Sync="TRUE">4</attwidth>
				<atprecis Sync="TRUE">0</atprecis>
				<attscale Sync="TRUE">0</attscale>
				<attrdef Sync="TRUE">CONTINUOUS_RATING</attrdef>
			</attr><attr><attrlabl Sync="TRUE">CONTRACTOR</attrlabl>
				<attalias Sync="TRUE">Contractor</attalias>
				<attrtype Sync="TRUE">String</attrtype>
				<attwidth Sync="TRUE">50</attwidth>
				<atprecis Sync="TRUE">0</atprecis>
				<attscale Sync="TRUE">0</attscale>
				<attrdef Sync="TRUE">CONTRACTOR</attrdef>
			</attr><attr><attrlabl Sync="TRUE">CSTYPE_ID</attrlabl>
				<attalias Sync="TRUE">Cstype ID</attalias>
				<attrtype Sync="TRUE">Integer</attrtype>
				<attwidth Sync="TRUE">4</attwidth>
				<atprecis Sync="TRUE">0</atprecis>
				<attscale Sync="TRUE">0</attscale>
				<attrdef Sync="TRUE">CSTYPE_ID</attrdef>
			</attr><attr><attrlabl Sync="TRUE">DATASOURCE</attrlabl>
				<attalias Sync="TRUE">Data Source</attalias>
				<attrtype Sync="TRUE">String</attrtype>
				<attwidth Sync="TRUE">6</attwidth>
				<atprecis Sync="TRUE">0</atprecis>
				<attscale Sync="TRUE">0</attscale>
				<attrdef Sync="TRUE">DATASOURCE</attrdef>
			</attr><attr><attrlabl Sync="TRUE">DATE_COMMISSIONED</attrlabl>
				<attalias Sync="TRUE">Commissioning Date</attalias>
				<attrtype Sync="TRUE">Date</attrtype>
				<attwidth Sync="TRUE">8</attwidth>
				<atprecis Sync="TRUE">0</atprecis>
				<attscale Sync="TRUE">0</attscale>
				<attrdef Sync="TRUE">DATE_COMMISSIONED</attrdef>
			</attr><attr><attrlabl Sync="TRUE">DBOXNUMBER</attrlabl>
				<attalias Sync="TRUE">Box Number</attalias>
				<attrtype Sync="TRUE">String</attrtype>
				<attwidth Sync="TRUE">50</attwidth>
				<atprecis Sync="TRUE">0</atprecis>
				<attscale Sync="TRUE">0</attscale>
				<attrdef Sync="TRUE">DBOXNUMBER</attrdef>
			</attr><attr><attrlabl Sync="TRUE">DEVICENUMBER</attrlabl>
				<attalias Sync="TRUE">Device Number</attalias>
				<attrtype Sync="TRUE">String</attrtype>
				<attwidth Sync="TRUE">50</attwidth>
				<atprecis Sync="TRUE">0</atprecis>
				<attscale Sync="TRUE">0</attscale>
				<attrdef Sync="TRUE">DEVICENUMBER</attrdef>
			</attr><attr><attrlabl Sync="TRUE">DIST_BOX_LOC</attrlabl>
				<attalias Sync="TRUE">Distribution Box Location</attalias>
				<attrtype Sync="TRUE">SmallInteger</attrtype>
				<attwidth Sync="TRUE">2</attwidth>
				<atprecis Sync="TRUE">0</atprecis>
				<attscale Sync="TRUE">0</attscale>
				<attrdef Sync="TRUE">DIST_BOX_LOC</attrdef>
			</attr><attr><attrlabl Sync="TRUE">DISTRICT_CODE</attrlabl>
				<attalias Sync="TRUE">Dist</attalias>
				<attrtype Sync="TRUE">String</attrtype>
				<attwidth Sync="TRUE">50</attwidth>
				<atprecis Sync="TRUE">0</atprecis>
				<attscale Sync="TRUE">0</attscale>
				<attrdef Sync="TRUE">DISTRICT_CODE</attrdef>
			</attr><attr><attrlabl Sync="TRUE">EFI_FLAG</attrlabl>
				<attalias Sync="TRUE">Efi Flag</attalias>
				<attrtype Sync="TRUE">String</attrtype>
				<attwidth Sync="TRUE">1</attwidth>
				<atprecis Sync="TRUE">0</atprecis>
				<attscale Sync="TRUE">0</attscale>
				<attrdef Sync="TRUE">EFI_FLAG</attrdef>
			</attr><attr><attrlabl Sync="TRUE">ENABLED</attrlabl>
				<attalias Sync="TRUE">Enabled</attalias>
				<attrtype Sync="TRUE">SmallInteger</attrtype>
				<attwidth Sync="TRUE">2</attwidth>
				<atprecis Sync="TRUE">0</atprecis>
				<attscale Sync="TRUE">0</attscale>
				<attrdef Sync="TRUE">ENABLED</attrdef>
			</attr><attr><attrlabl Sync="TRUE">EQUIPMENTID</attrlabl>
				<attalias Sync="TRUE">Equipmentid</attalias>
				<attrtype Sync="TRUE">String</attrtype>
				<attwidth Sync="TRUE">50</attwidth>
				<atprecis Sync="TRUE">0</atprecis>
				<attscale Sync="TRUE">0</attscale>
				<attrdef Sync="TRUE">EQUIPMENTID</attrdef>
			</attr><attr><attrlabl Sync="TRUE">FEEDERID</attrlabl>
				<attalias Sync="TRUE">Feederid</attalias>
				<attrtype Sync="TRUE">String</attrtype>
				<attwidth Sync="TRUE">50</attwidth>
				<atprecis Sync="TRUE">0</atprecis>
				<attscale Sync="TRUE">0</attscale>
				<attrdef Sync="TRUE">FEEDERID</attrdef>
			</attr><attr><attrlabl Sync="TRUE">FEEDING_POINT</attrlabl>
				<attalias Sync="TRUE">Feeding Point</attalias>
				<attrtype Sync="TRUE">String</attrtype>
				<attwidth Sync="TRUE">50</attwidth>
				<atprecis Sync="TRUE">0</atprecis>
				<attscale Sync="TRUE">0</attscale>
				<attrdef Sync="TRUE">FEEDING_POINT</attrdef>
			</attr><attr><attrlabl Sync="TRUE">FSCOMMENTS</attrlabl>
				<attalias Sync="TRUE">Fscomments</attalias>
				<attrtype Sync="TRUE">String</attrtype>
				<attwidth Sync="TRUE">100</attwidth>
				<atprecis Sync="TRUE">0</atprecis>
				<attscale Sync="TRUE">0</attscale>
				<attrdef Sync="TRUE">FSCOMMENTS</attrdef>
			</attr><attr><attrlabl Sync="TRUE">FUSE_1_NOFUSE_0</attrlabl>
				<attalias Sync="TRUE">Fuse 1 Nofuse 0</attalias>
				<attrtype Sync="TRUE">String</attrtype>
				<attwidth Sync="TRUE">50</attwidth>
				<atprecis Sync="TRUE">0</atprecis>
				<attscale Sync="TRUE">0</attscale>
				<attrdef Sync="TRUE">FUSE_1_NOFUSE_0</attrdef>
			</attr><attr><attrlabl Sync="TRUE">FUSE_RATING</attrlabl>
				<attalias Sync="TRUE">Fuse Rating</attalias>
				<attrtype Sync="TRUE">String</attrtype>
				<attwidth Sync="TRUE">50</attwidth>
				<atprecis Sync="TRUE">0</atprecis>
				<attscale Sync="TRUE">0</attscale>
				<attrdef Sync="TRUE">FUSE_RATING</attrdef>
			</attr><attr><attrlabl Sync="TRUE">FUSE_TYPE</attrlabl>
				<attalias Sync="TRUE">Fuse Type</attalias>
				<attrtype Sync="TRUE">String</attrtype>
				<attwidth Sync="TRUE">50</attwidth>
				<atprecis Sync="TRUE">0</atprecis>
				<attscale Sync="TRUE">0</attscale>
				<attrdef Sync="TRUE">FUSE_TYPE</attrdef>
			</attr><attr><attrlabl Sync="TRUE">GCLASS_ID</attrlabl>
				<attalias Sync="TRUE">Gclass ID</attalias>
				<attrtype Sync="TRUE">SmallInteger</attrtype>
				<attwidth Sync="TRUE">2</attwidth>
				<atprecis Sync="TRUE">0</atprecis>
				<attscale Sync="TRUE">0</attscale>
				<attrdef Sync="TRUE">GCLASS_ID</attrdef>
			</attr><attr><attrlabl Sync="TRUE">GlobalID</attrlabl>
				<attalias Sync="TRUE">GlobalID</attalias>
				<attrtype Sync="TRUE">GlobalID</attrtype>
				<attwidth Sync="TRUE">38</attwidth>
				<atprecis Sync="TRUE">0</atprecis>
				<attscale Sync="TRUE">0</attscale>
				<attrdef Sync="TRUE">GlobalID</attrdef>
			</attr><attr><attrlabl Sync="TRUE">GTYPE_ID</attrlabl>
				<attalias Sync="TRUE">Gtype ID</attalias>
				<attrtype Sync="TRUE">SmallInteger</attrtype>
				<attwidth Sync="TRUE">2</attwidth>
				<atprecis Sync="TRUE">0</atprecis>
				<attscale Sync="TRUE">0</attscale>
				<attrdef Sync="TRUE">GTYPE_ID</attrdef>
			</attr><attr><attrlabl Sync="TRUE">HEIGHT</attrlabl>
				<attalias Sync="TRUE">Height</attalias>
				<attrtype Sync="TRUE">Double</attrtype>
				<attwidth Sync="TRUE">8</attwidth>
				<atprecis Sync="TRUE">0</atprecis>
				<attscale Sync="TRUE">0</attscale>
				<attrdef Sync="TRUE">HEIGHT</attrdef>
			</attr><attr><attrlabl Sync="TRUE">HYPERLINK</attrlabl>
				<attalias Sync="TRUE">Hyper Link</attalias>
				<attrtype Sync="TRUE">String</attrtype>
				<attwidth Sync="TRUE">255</attwidth>
				<atprecis Sync="TRUE">0</atprecis>
				<attscale Sync="TRUE">0</attscale>
				<attrdef Sync="TRUE">HYPERLINK</attrdef>
			</attr><attr><attrlabl Sync="TRUE">IMPROVEMENT_FLAG</attrlabl>
				<attalias Sync="TRUE">Improvement Flag</attalias>
				<attrtype Sync="TRUE">String</attrtype>
				<attwidth Sync="TRUE">1</attwidth>
				<atprecis Sync="TRUE">0</atprecis>
				<attscale Sync="TRUE">0</attscale>
				<attrdef Sync="TRUE">IMPROVEMENT_FLAG</attrdef>
			</attr><attr><attrlabl Sync="TRUE">INSPECTIONCYCLE</attrlabl>
				<attalias Sync="TRUE">Inspection Cycle</attalias>
				<attrtype Sync="TRUE">Integer</attrtype>
				<attwidth Sync="TRUE">4</attwidth>
				<atprecis Sync="TRUE">0</atprecis>
				<attscale Sync="TRUE">0</attscale>
				<attrdef Sync="TRUE">INSPECTIONCYCLE</attrdef>
			</attr><attr><attrlabl Sync="TRUE">INSTALLATIONTYPE</attrlabl>
				<attalias Sync="TRUE">Installation Type</attalias>
				<attrtype Sync="TRUE">String</attrtype>
				<attwidth Sync="TRUE">50</attwidth>
				<atprecis Sync="TRUE">0</atprecis>
				<attscale Sync="TRUE">0</attscale>
				<attrdef Sync="TRUE">INSTALLATIONTYPE</attrdef>
			</attr><attr><attrlabl Sync="TRUE">LAST_MAINT_DATE</attrlabl>
				<attalias Sync="TRUE">Last Maint Date</attalias>
				<attrtype Sync="TRUE">String</attrtype>
				<attwidth Sync="TRUE">6</attwidth>
				<atprecis Sync="TRUE">0</atprecis>
				<attscale Sync="TRUE">0</attscale>
				<attrdef Sync="TRUE">LAST_MAINT_DATE</attrdef>
			</attr><attr><attrlabl Sync="TRUE">LASTINSPECTIONDATE</attrlabl>
				<attalias Sync="TRUE">Last Inspection Date</attalias>
				<attrtype Sync="TRUE">Date</attrtype>
				<attwidth Sync="TRUE">8</attwidth>
				<atprecis Sync="TRUE">0</atprecis>
				<attscale Sync="TRUE">0</attscale>
				<attrdef Sync="TRUE">LASTINSPECTIONDATE</attrdef>
			</attr><attr><attrlabl Sync="TRUE">LASTMAINTENANCEDATE</attrlabl>
				<attalias Sync="TRUE">Last Maintenance Date</attalias>
				<attrtype Sync="TRUE">Date</attrtype>
				<attwidth Sync="TRUE">8</attwidth>
				<atprecis Sync="TRUE">0</atprecis>
				<attscale Sync="TRUE">0</attscale>
				<attrdef Sync="TRUE">LASTMAINTENANCEDATE</attrdef>
			</attr><attr><attrlabl Sync="TRUE">LASTWORKORDERID</attrlabl>
				<attalias Sync="TRUE">Last Work Order ID</attalias>
				<attrtype Sync="TRUE">String</attrtype>
				<attwidth Sync="TRUE">32</attwidth>
				<atprecis Sync="TRUE">0</atprecis>
				<attscale Sync="TRUE">0</attscale>
				<attrdef Sync="TRUE">LASTWORKORDERID</attrdef>
			</attr><attr><attrlabl Sync="TRUE">LENGTH</attrlabl>
				<attalias Sync="TRUE">Length</attalias>
				<attrtype Sync="TRUE">Double</attrtype>
				<attwidth Sync="TRUE">8</attwidth>
				<atprecis Sync="TRUE">0</atprecis>
				<attscale Sync="TRUE">0</attscale>
				<attrdef Sync="TRUE">LENGTH</attrdef>
			</attr><attr><attrlabl Sync="TRUE">LOCATION</attrlabl>
				<attalias Sync="TRUE">Location</attalias>
				<attrtype Sync="TRUE">String</attrtype>
				<attwidth Sync="TRUE">50</attwidth>
				<atprecis Sync="TRUE">0</atprecis>
				<attscale Sync="TRUE">0</attscale>
				<attrdef Sync="TRUE">LOCATION</attrdef>
			</attr><attr><attrlabl Sync="TRUE">LOCATIONID</attrlabl>
				<attalias Sync="TRUE">Location ID</attalias>
				<attrtype Sync="TRUE">String</attrtype>
				<attwidth Sync="TRUE">64</attwidth>
				<atprecis Sync="TRUE">0</atprecis>
				<attscale Sync="TRUE">0</attscale>
				<attrdef Sync="TRUE">LOCATIONID</attrdef>
			</attr><attr><attrlabl Sync="TRUE">LV_DISTRIBUTION_BOX_NUM</attrlabl>
				<attalias Sync="TRUE">LV Distribution Box Num</attalias>
				<attrtype Sync="TRUE">String</attrtype>
				<attwidth Sync="TRUE">50</attwidth>
				<atprecis Sync="TRUE">0</atprecis>
				<attscale Sync="TRUE">0</attscale>
				<attrdef Sync="TRUE">LV_DISTRIBUTION_BOX_NUM</attrdef>
			</attr><attr><attrlabl Sync="TRUE">MAIN_CABLE_TYPE</attrlabl>
				<attalias Sync="TRUE">Main Cable Type</attalias>
				<attrtype Sync="TRUE">Integer</attrtype>
				<attwidth Sync="TRUE">4</attwidth>
				<atprecis Sync="TRUE">0</atprecis>
				<attscale Sync="TRUE">0</attscale>
				<attrdef Sync="TRUE">MAIN_CABLE_TYPE</attrdef>
			</attr><attr><attrlabl Sync="TRUE">MANUFACTURE_OF_EQUIPMENT</attrlabl>
				<attalias Sync="TRUE">Manufacture Of Equipment</attalias>
				<attrtype Sync="TRUE">String</attrtype>
				<attwidth Sync="TRUE">50</attwidth>
				<atprecis Sync="TRUE">0</atprecis>
				<attscale Sync="TRUE">0</attscale>
				<attrdef Sync="TRUE">MANUFACTURE_OF_EQUIPMENT</attrdef>
			</attr><attr><attrlabl Sync="TRUE">MANUFACTURERCODE</attrlabl>
				<attalias Sync="TRUE">Manufacturer Code</attalias>
				<attrtype Sync="TRUE">String</attrtype>
				<attwidth Sync="TRUE">50</attwidth>
				<atprecis Sync="TRUE">0</atprecis>
				<attscale Sync="TRUE">0</attscale>
				<attrdef Sync="TRUE">MANUFACTURERCODE</attrdef>
			</attr><attr><attrlabl Sync="TRUE">MANUFACTURERSERIALNO</attrlabl>
				<attalias Sync="TRUE">Manufacturer Serial No.</attalias>
				<attrtype Sync="TRUE">String</attrtype>
				<attwidth Sync="TRUE">50</attwidth>
				<atprecis Sync="TRUE">0</atprecis>
				<attscale Sync="TRUE">0</attscale>
				<attrdef Sync="TRUE">MANUFACTURERSERIALNO</attrdef>
			</attr><attr><attrlabl Sync="TRUE">MANUFACTURING_YEAR_HIJRI</attrlabl>
				<attalias Sync="TRUE">Hijri Year</attalias>
				<attrtype Sync="TRUE">Integer</attrtype>
				<attwidth Sync="TRUE">4</attwidth>
				<atprecis Sync="TRUE">0</atprecis>
				<attscale Sync="TRUE">0</attscale>
				<attrdef Sync="TRUE">MANUFACTURING_YEAR_HIJRI</attrdef>
			</attr><attr><attrlabl Sync="TRUE">MINIPILLARFEEDERNUMBER</attrlabl>
				<attalias Sync="TRUE">Minipillarfeedernumber</attalias>
				<attrtype Sync="TRUE">String</attrtype>
				<attwidth Sync="TRUE">50</attwidth>
				<atprecis Sync="TRUE">0</atprecis>
				<attscale Sync="TRUE">0</attscale>
				<attrdef Sync="TRUE">MINIPILLARFEEDERNUMBER</attrdef>
			</attr><attr><attrlabl Sync="TRUE">MINIPILLARNUMBER</attrlabl>
				<attalias Sync="TRUE">Minipillarnumber</attalias>
				<attrtype Sync="TRUE">String</attrtype>
				<attwidth Sync="TRUE">50</attwidth>
				<atprecis Sync="TRUE">0</atprecis>
				<attscale Sync="TRUE">0</attscale>
				<attrdef Sync="TRUE">MINIPILLARNUMBER</attrdef>
			</attr><attr><attrlabl Sync="TRUE">NEXTINSPECTIONDATE</attrlabl>
				<attalias Sync="TRUE">Next Inspection Date</attalias>
				<attrtype Sync="TRUE">Date</attrtype>
				<attwidth Sync="TRUE">8</attwidth>
				<atprecis Sync="TRUE">0</atprecis>
				<attscale Sync="TRUE">0</attscale>
				<attrdef Sync="TRUE">NEXTINSPECTIONDATE</attrdef>
			</attr><attr><attrlabl Sync="TRUE">NEXTMAINTENANCEDATE</attrlabl>
				<attalias Sync="TRUE">Next Maintenance Date</attalias>
				<attrtype Sync="TRUE">Date</attrtype>
				<attwidth Sync="TRUE">8</attwidth>
				<atprecis Sync="TRUE">0</atprecis>
				<attscale Sync="TRUE">0</attscale>
				<attrdef Sync="TRUE">NEXTMAINTENANCEDATE</attrdef>
			</attr><attr><attrlabl Sync="TRUE">NIIT_OID</attrlabl>
				<attalias Sync="TRUE">Niit Oid</attalias>
				<attrtype Sync="TRUE">Integer</attrtype>
				<attwidth Sync="TRUE">4</attwidth>
				<atprecis Sync="TRUE">0</atprecis>
				<attscale Sync="TRUE">0</attscale>
				<attrdef Sync="TRUE">NIIT_OID</attrdef>
			</attr><attr><attrlabl Sync="TRUE">NORMALPOSITION</attrlabl>
				<attalias Sync="TRUE">Normal Position</attalias>
				<attrtype Sync="TRUE">Integer</attrtype>
				<attwidth Sync="TRUE">4</attwidth>
				<atprecis Sync="TRUE">0</atprecis>
				<attscale Sync="TRUE">0</attscale>
				<attrdef Sync="TRUE">NORMALPOSITION</attrdef>
			</attr><attr><attrlabl Sync="TRUE">NORMALSTATUS</attrlabl>
				<attalias Sync="TRUE">Normalstatus</attalias>
				<attrtype Sync="TRUE">Integer</attrtype>
				<attwidth Sync="TRUE">4</attwidth>
				<atprecis Sync="TRUE">0</atprecis>
				<attscale Sync="TRUE">0</attscale>
				<attrdef Sync="TRUE">NORMALSTATUS</attrdef>
			</attr><attr><attrlabl Sync="TRUE">NTYPE</attrlabl>
				<attalias Sync="TRUE">Ntype</attalias>
				<attrtype Sync="TRUE">String</attrtype>
				<attwidth Sync="TRUE">50</attwidth>
				<atprecis Sync="TRUE">0</atprecis>
				<attscale Sync="TRUE">0</attscale>
				<attrdef Sync="TRUE">NTYPE</attrdef>
			</attr><attr><attrlabl Sync="TRUE">NUM_OF_CKTS</attrlabl>
				<attalias Sync="TRUE">Num Of Ckts</attalias>
				<attrtype Sync="TRUE">String</attrtype>
				<attwidth Sync="TRUE">50</attwidth>
				<atprecis Sync="TRUE">0</atprecis>
				<attscale Sync="TRUE">0</attscale>
				<attrdef Sync="TRUE">NUM_OF_CKTS</attrdef>
			</attr><attr><attrlabl Sync="TRUE">NUM_OF_USED_CKTS</attrlabl>
				<attalias Sync="TRUE">Num Of Used Ckts</attalias>
				<attrtype Sync="TRUE">String</attrtype>
				<attwidth Sync="TRUE">50</attwidth>
				<atprecis Sync="TRUE">0</atprecis>
				<attscale Sync="TRUE">0</attscale>
				<attrdef Sync="TRUE">NUM_OF_USED_CKTS</attrdef>
			</attr><attr><attrlabl Sync="TRUE">ORIGOBJECTID</attrlabl>
				<attalias Sync="TRUE">Origobjectid</attalias>
				<attrtype Sync="TRUE">Integer</attrtype>
				<attwidth Sync="TRUE">4</attwidth>
				<atprecis Sync="TRUE">0</atprecis>
				<attscale Sync="TRUE">0</attscale>
				<attrdef Sync="TRUE">ORIGOBJECTID</attrdef>
			</attr><attr><attrlabl Sync="TRUE">OWNER</attrlabl>
				<attalias Sync="TRUE">Owner</attalias>
				<attrtype Sync="TRUE">String</attrtype>
				<attwidth Sync="TRUE">64</attwidth>
				<atprecis Sync="TRUE">0</atprecis>
				<attscale Sync="TRUE">0</attscale>
				<attrdef Sync="TRUE">OWNER</attrdef>
			</attr><attr><attrlabl Sync="TRUE">PHASE</attrlabl>
				<attalias Sync="TRUE">Phase</attalias>
				<attrtype Sync="TRUE">Integer</attrtype>
				<attwidth Sync="TRUE">4</attwidth>
				<atprecis Sync="TRUE">0</atprecis>
				<attscale Sync="TRUE">0</attscale>
				<attrdef Sync="TRUE">PHASE</attrdef>
			</attr><attr><attrlabl Sync="TRUE">PHASECOUNT</attrlabl>
				<attalias Sync="TRUE">Phasecount</attalias>
				<attrtype Sync="TRUE">String</attrtype>
				<attwidth Sync="TRUE">50</attwidth>
				<atprecis Sync="TRUE">0</atprecis>
				<attscale Sync="TRUE">0</attscale>
				<attrdef Sync="TRUE">PHASECOUNT</attrdef>
			</attr><attr><attrlabl Sync="TRUE">PIC_1</attrlabl>
				<attalias Sync="TRUE">PIC 1</attalias>
				<attrtype Sync="TRUE">String</attrtype>
				<attwidth Sync="TRUE">250</attwidth>
				<atprecis Sync="TRUE">0</atprecis>
				<attscale Sync="TRUE">0</attscale>
				<attrdef Sync="TRUE">PIC_1</attrdef>
			</attr><attr><attrlabl Sync="TRUE">PIC_2</attrlabl>
				<attalias Sync="TRUE">PIC 2</attalias>
				<attrtype Sync="TRUE">String</attrtype>
				<attwidth Sync="TRUE">250</attwidth>
				<atprecis Sync="TRUE">0</atprecis>
				<attscale Sync="TRUE">0</attscale>
				<attrdef Sync="TRUE">PIC_2</attrdef>
			</attr><attr><attrlabl Sync="TRUE">PIC_3</attrlabl>
				<attalias Sync="TRUE">PIC 3</attalias>
				<attrtype Sync="TRUE">String</attrtype>
				<attwidth Sync="TRUE">250</attwidth>
				<atprecis Sync="TRUE">0</atprecis>
				<attscale Sync="TRUE">0</attscale>
				<attrdef Sync="TRUE">PIC_3</attrdef>
			</attr><attr><attrlabl Sync="TRUE">PIC_4</attrlabl>
				<attalias Sync="TRUE">PIC 4</attalias>
				<attrtype Sync="TRUE">String</attrtype>
				<attwidth Sync="TRUE">250</attwidth>
				<atprecis Sync="TRUE">0</atprecis>
				<attscale Sync="TRUE">0</attscale>
				<attrdef Sync="TRUE">PIC_4</attrdef>
			</attr><attr><attrlabl Sync="TRUE">PIC_5</attrlabl>
				<attalias Sync="TRUE">PIC 5</attalias>
				<attrtype Sync="TRUE">String</attrtype>
				<attwidth Sync="TRUE">250</attwidth>
				<atprecis Sync="TRUE">0</atprecis>
				<attscale Sync="TRUE">0</attscale>
				<attrdef Sync="TRUE">PIC_5</attrdef>
			</attr><attr><attrlabl Sync="TRUE">PIC_6</attrlabl>
				<attalias Sync="TRUE">PIC 6</attalias>
				<attrtype Sync="TRUE">String</attrtype>
				<attwidth Sync="TRUE">250</attwidth>
				<atprecis Sync="TRUE">0</atprecis>
				<attscale Sync="TRUE">0</attscale>
				<attrdef Sync="TRUE">PIC_6</attrdef>
			</attr><attr><attrlabl Sync="TRUE">PIC_7</attrlabl>
				<attalias Sync="TRUE">PIC_7</attalias>
				<attrtype Sync="TRUE">String</attrtype>
				<attwidth Sync="TRUE">250</attwidth>
				<atprecis Sync="TRUE">0</atprecis>
				<attscale Sync="TRUE">0</attscale>
				<attrdef Sync="TRUE">PIC_7</attrdef>
			</attr><attr><attrlabl Sync="TRUE">PLANT_ID</attrlabl>
				<attalias Sync="TRUE">Plant ID</attalias>
				<attrtype Sync="TRUE">String</attrtype>
				<attwidth Sync="TRUE">50</attwidth>
				<atprecis Sync="TRUE">0</atprecis>
				<attscale Sync="TRUE">0</attscale>
				<attrdef Sync="TRUE">PLANT_ID</attrdef>
			</attr><attr><attrlabl Sync="TRUE">PLANT_TAG</attrlabl>
				<attalias Sync="TRUE">Plant Tag</attalias>
				<attrtype Sync="TRUE">String</attrtype>
				<attwidth Sync="TRUE">50</attwidth>
				<atprecis Sync="TRUE">0</atprecis>
				<attscale Sync="TRUE">0</attscale>
				<attrdef Sync="TRUE">PLANT_TAG</attrdef>
			</attr><attr><attrlabl Sync="TRUE">PROTECTIONTYPEFUSEBREAKERDIREC</attrlabl>
				<attalias Sync="TRUE">Protectiontype Fuse Breaker Direct</attalias>
				<attrtype Sync="TRUE">String</attrtype>
				<attwidth Sync="TRUE">50</attwidth>
				<atprecis Sync="TRUE">0</atprecis>
				<attscale Sync="TRUE">0</attscale>
				<attrdef Sync="TRUE">PROTECTIONTYPEFUSEBREAKERDIREC</attrdef>
			</attr><attr><attrlabl Sync="TRUE">RATEDVOLTAGE</attrlabl>
				<attalias Sync="TRUE">Rated Voltage</attalias>
				<attrtype Sync="TRUE">Integer</attrtype>
				<attwidth Sync="TRUE">4</attwidth>
				<atprecis Sync="TRUE">0</atprecis>
				<attscale Sync="TRUE">0</attscale>
				<attrdef Sync="TRUE">RATEDVOLTAGE</attrdef>
			</attr><attr><attrlabl Sync="TRUE">RATING</attrlabl>
				<attalias Sync="TRUE">Rating</attalias>
				<attrtype Sync="TRUE">Double</attrtype>
				<attwidth Sync="TRUE">8</attwidth>
				<atprecis Sync="TRUE">0</atprecis>
				<attscale Sync="TRUE">0</attscale>
				<attrdef Sync="TRUE">RATING</attrdef>
			</attr><attr><attrlabl Sync="TRUE">REFSCALE</attrlabl>
				<attalias Sync="TRUE">Refscale</attalias>
				<attrtype Sync="TRUE">Integer</attrtype>
				<attwidth Sync="TRUE">4</attwidth>
				<atprecis Sync="TRUE">0</atprecis>
				<attscale Sync="TRUE">0</attscale>
				<attrdef Sync="TRUE">REFSCALE</attrdef>
			</attr><attr><attrlabl Sync="TRUE">REL_OID</attrlabl>
				<attalias Sync="TRUE">Rel Oid</attalias>
				<attrtype Sync="TRUE">Integer</attrtype>
				<attwidth Sync="TRUE">4</attwidth>
				<atprecis Sync="TRUE">0</atprecis>
				<attscale Sync="TRUE">0</attscale>
				<attrdef Sync="TRUE">REL_OID</attrdef>
			</attr><attr><attrlabl Sync="TRUE">SAP_NUMBER</attrlabl>
				<attalias Sync="TRUE">SAP Reference Number</attalias>
				<attrtype Sync="TRUE">String</attrtype>
				<attwidth Sync="TRUE">50</attwidth>
				<atprecis Sync="TRUE">0</atprecis>
				<attscale Sync="TRUE">0</attscale>
				<attrdef Sync="TRUE">SAP_NUMBER</attrdef>
			</attr><attr><attrlabl Sync="TRUE">SCALE</attrlabl>
				<attalias Sync="TRUE">Scale</attalias>
				<attrtype Sync="TRUE">Double</attrtype>
				<attwidth Sync="TRUE">8</attwidth>
				<atprecis Sync="TRUE">0</atprecis>
				<attscale Sync="TRUE">0</attscale>
				<attrdef Sync="TRUE">SCALE</attrdef>
			</attr><attr><attrlabl Sync="TRUE">SCECO_NO</attrlabl>
				<attalias Sync="TRUE">Sceco Number</attalias>
				<attrtype Sync="TRUE">String</attrtype>
				<attwidth Sync="TRUE">8</attwidth>
				<atprecis Sync="TRUE">0</atprecis>
				<attscale Sync="TRUE">0</attscale>
				<attrdef Sync="TRUE">SCECO_NO</attrdef>
			</attr><attr><attrlabl Sync="TRUE">SCHEME_NO</attrlabl>
				<attalias Sync="TRUE">Scheme Number</attalias>
				<attrtype Sync="TRUE">String</attrtype>
				<attwidth Sync="TRUE">15</attwidth>
				<atprecis Sync="TRUE">0</atprecis>
				<attscale Sync="TRUE">0</attscale>
				<attrdef Sync="TRUE">SCHEME_NO</attrdef>
			</attr><attr><attrlabl Sync="TRUE">SERIAL_NUMBER</attrlabl>
				<attalias Sync="TRUE">Serial Number</attalias>
				<attrtype Sync="TRUE">String</attrtype>
				<attwidth Sync="TRUE">50</attwidth>
				<atprecis Sync="TRUE">0</atprecis>
				<attscale Sync="TRUE">0</attscale>
				<attrdef Sync="TRUE">SERIAL_NUMBER</attrdef>
			</attr><attr><attrlabl Sync="TRUE">SOURCE_CIRCUIT</attrlabl>
				<attalias Sync="TRUE">Source Circuit</attalias>
				<attrtype Sync="TRUE">String</attrtype>
				<attwidth Sync="TRUE">50</attwidth>
				<atprecis Sync="TRUE">0</atprecis>
				<attscale Sync="TRUE">0</attscale>
				<attrdef Sync="TRUE">SOURCE_CIRCUIT</attrdef>
			</attr><attr><attrlabl Sync="TRUE">SUBMINIPILLAR</attrlabl>
				<attalias Sync="TRUE">Sub Minipillar</attalias>
				<attrtype Sync="TRUE">String</attrtype>
				<attwidth Sync="TRUE">100</attwidth>
				<atprecis Sync="TRUE">0</atprecis>
				<attscale Sync="TRUE">0</attscale>
				<attrdef Sync="TRUE">SUBMINIPILLAR</attrdef>
			</attr><attr><attrlabl Sync="TRUE">SUBNETWORKID</attrlabl>
				<attalias Sync="TRUE">Subnetworkid</attalias>
				<attrtype Sync="TRUE">String</attrtype>
				<attwidth Sync="TRUE">32</attwidth>
				<atprecis Sync="TRUE">0</atprecis>
				<attscale Sync="TRUE">0</attscale>
				<attrdef Sync="TRUE">SUBNETWORKID</attrdef>
			</attr><attr><attrlabl Sync="TRUE">SUBSTATIONNUMBER</attrlabl>
				<attalias Sync="TRUE">Substationnumber</attalias>
				<attrtype Sync="TRUE">String</attrtype>
				<attwidth Sync="TRUE">50</attwidth>
				<atprecis Sync="TRUE">0</atprecis>
				<attscale Sync="TRUE">0</attscale>
				<attrdef Sync="TRUE">SUBSTATIONNUMBER</attrdef>
			</attr><attr><attrlabl Sync="TRUE">SUBTYPECD</attrlabl>
				<attalias Sync="TRUE">Subtypecd</attalias>
				<attrtype Sync="TRUE">SmallInteger</attrtype>
				<attwidth Sync="TRUE">2</attwidth>
				<atprecis Sync="TRUE">0</atprecis>
				<attscale Sync="TRUE">0</attscale>
				<attrdef Sync="TRUE">SUBTYPECD</attrdef>
			</attr><attr><attrlabl Sync="TRUE">SWITCHSTATE</attrlabl>
				<attalias Sync="TRUE">SwitchState</attalias>
				<attrtype Sync="TRUE">SmallInteger</attrtype>
				<attwidth Sync="TRUE">2</attwidth>
				<atprecis Sync="TRUE">0</atprecis>
				<attscale Sync="TRUE">0</attscale>
				<attrdef Sync="TRUE">SWITCHSTATE</attrdef>
			</attr><attr><attrlabl Sync="TRUE">TOTAL_NO_OF_OUTGOING_CABLES</attrlabl>
				<attalias Sync="TRUE">Total Number Of Outgoing Cables</attalias>
				<attrtype Sync="TRUE">Integer</attrtype>
				<attwidth Sync="TRUE">4</attwidth>
				<atprecis Sync="TRUE">0</atprecis>
				<attscale Sync="TRUE">0</attscale>
				<attrdef Sync="TRUE">TOTAL_NO_OF_OUTGOING_CABLES</attrdef>
			</attr><attr><attrlabl Sync="TRUE">TRANSFER_DATE</attrlabl>
				<attalias Sync="TRUE">Transfer Date</attalias>
				<attrtype Sync="TRUE">String</attrtype>
				<attwidth Sync="TRUE">6</attwidth>
				<atprecis Sync="TRUE">0</atprecis>
				<attscale Sync="TRUE">0</attscale>
				<attrdef Sync="TRUE">TRANSFER_DATE</attrdef>
			</attr><attr><attrlabl Sync="TRUE">TRANSFORMERNO</attrlabl>
				<attalias Sync="TRUE">TransformerNo</attalias>
				<attrtype Sync="TRUE">String</attrtype>
				<attwidth Sync="TRUE">50</attwidth>
				<atprecis Sync="TRUE">0</atprecis>
				<attscale Sync="TRUE">0</attscale>
				<attrdef Sync="TRUE">TRANSFORMERNO</attrdef>
			</attr><attr><attrlabl Sync="TRUE">TYPE</attrlabl>
				<attalias Sync="TRUE">Type</attalias>
				<attrtype Sync="TRUE">Integer</attrtype>
				<attwidth Sync="TRUE">4</attwidth>
				<atprecis Sync="TRUE">0</atprecis>
				<attscale Sync="TRUE">0</attscale>
				<attrdef Sync="TRUE">TYPE</attrdef>
			</attr><attr><attrlabl Sync="TRUE">TYPEOFMINIPILLAR</attrlabl>
				<attalias Sync="TRUE">Type Of Minipillar</attalias>
				<attrtype Sync="TRUE">Integer</attrtype>
				<attwidth Sync="TRUE">4</attwidth>
				<atprecis Sync="TRUE">0</atprecis>
				<attscale Sync="TRUE">0</attscale>
				<attrdef Sync="TRUE">TYPEOFMINIPILLAR</attrdef>
			</attr><attr><attrlabl Sync="TRUE">UDSSCHEMNBR</attrlabl>
				<attalias Sync="TRUE">Uds Schemnbr</attalias>
				<attrtype Sync="TRUE">String</attrtype>
				<attwidth Sync="TRUE">50</attwidth>
				<atprecis Sync="TRUE">0</atprecis>
				<attscale Sync="TRUE">0</attscale>
				<attrdef Sync="TRUE">UDSSCHEMNBR</attrdef>
			</attr><attr><attrlabl Sync="TRUE">UTCLSUB_ID</attrlabl>
				<attalias Sync="TRUE">Utclsub ID</attalias>
				<attrtype Sync="TRUE">Integer</attrtype>
				<attwidth Sync="TRUE">4</attwidth>
				<atprecis Sync="TRUE">0</atprecis>
				<attscale Sync="TRUE">0</attscale>
				<attrdef Sync="TRUE">UTCLSUB_ID</attrdef>
			</attr><attr><attrlabl Sync="TRUE">UTSTATUS</attrlabl>
				<attalias Sync="TRUE">Utstatus</attalias>
				<attrtype Sync="TRUE">Integer</attrtype>
				<attwidth Sync="TRUE">4</attwidth>
				<atprecis Sync="TRUE">0</atprecis>
				<attscale Sync="TRUE">0</attscale>
				<attrdef Sync="TRUE">UTSTATUS</attrdef>
			</attr><attr><attrlabl Sync="TRUE">UTTRACEWEIGHT</attrlabl>
				<attalias Sync="TRUE">Uttraceweight</attalias>
				<attrtype Sync="TRUE">Integer</attrtype>
				<attwidth Sync="TRUE">4</attwidth>
				<atprecis Sync="TRUE">0</atprecis>
				<attscale Sync="TRUE">0</attscale>
				<attrdef Sync="TRUE">UTTRACEWEIGHT</attrdef>
			</attr><attr><attrlabl Sync="TRUE">VOLTAGEOFEQUIPMENT</attrlabl>
				<attalias Sync="TRUE">Voltageofequipment</attalias>
				<attrtype Sync="TRUE">Integer</attrtype>
				<attwidth Sync="TRUE">4</attwidth>
				<atprecis Sync="TRUE">0</atprecis>
				<attscale Sync="TRUE">0</attscale>
				<attrdef Sync="TRUE">VOLTAGEOFEQUIPMENT</attrdef>
			</attr><attr><attrlabl Sync="TRUE">WIDTH</attrlabl>
				<attalias Sync="TRUE">Width</attalias>
				<attrtype Sync="TRUE">Double</attrtype>
				<attwidth Sync="TRUE">8</attwidth>
				<atprecis Sync="TRUE">0</atprecis>
				<attscale Sync="TRUE">0</attscale>
				<attrdef Sync="TRUE">WIDTH</attrdef>
			</attr><attr><attrlabl Sync="TRUE">X</attrlabl>
				<attalias Sync="TRUE">X</attalias>
				<attrtype Sync="TRUE">Double</attrtype>
				<attwidth Sync="TRUE">8</attwidth>
				<atprecis Sync="TRUE">0</atprecis>
				<attscale Sync="TRUE">0</attscale>
				<attrdef Sync="TRUE">X</attrdef>
			</attr><attr><attrlabl Sync="TRUE">Y</attrlabl>
				<attalias Sync="TRUE">Y</attalias>
				<attrtype Sync="TRUE">Double</attrtype>
				<attwidth Sync="TRUE">8</attwidth>
				<atprecis Sync="TRUE">0</atprecis>
				<attscale Sync="TRUE">0</attscale>
				<attrdef Sync="TRUE">Y</attrdef>
			</attr><attr><attrlabl Sync="TRUE">YEAR_MANUFACTURER</attrlabl>
				<attalias Sync="TRUE">Year Manufacturer</attalias>
				<attrtype Sync="TRUE">Integer</attrtype>
				<attwidth Sync="TRUE">4</attwidth>
				<atprecis Sync="TRUE">0</atprecis>
				<attscale Sync="TRUE">0</attscale>
				<attrdef Sync="TRUE">YEAR_MANUFACTURER</attrdef>
			</attr></detailed></eainfo></metadata>
